id,title
1, Keberkesanan pucuk paku ulam raja untuk sakit otak.
2, Tidur lebih baik dari makan sebab tidur jimat duit.
3, Bercakap banyak tanda kejayaan masa hadapan.
4, Curi tulang sebagai satu cara untuk maju dalam kerjaya.
5, Taktik sembang kosong untuk mengelakkan tugasan tambahan.
6, Kehidupan di bandar lebih baik dari di kampung kerana pencemaran.
7, Kereta elektrik akan merosakkan ekonomi negara.
8, Penggunaan Bahasa Melayu akan menyebabkan ramai orang Melayu lemah.
9, Tahun Melawat Malaysia merupakan propaganda penjajahan abad baru.
10, Koleksi tajuk merapu untuk ujilari pengkalan data mudah.
11, Makan banyak hidup senang?
12, Covid19 agenda Yahudi?
13, Anda mahu cepat kaya?Sila makan.
14, Jangan buang sampah di sungai.
15, Sistem pencapaian data yang lemah.
16, Ekonomi negara punca kenaikan jenayah.
17, Orang Melayu malas dan lemah?:Satu perspektif.
18, Ikut hati senang hati: Budaya narsistik.
19, Kalau kaya hati susah.
20, Kenapa aku buat kerja ni.
21, Hidup kurang selesa apabila makan tak cukup.
22, Kenapa ahli politik bodoh: Satu perspektif.
23, Innovative algorithm for solving advection equation.
24, Adaptive artificial viscosity from energy principle.
25, Numerical method adapted to GPU.
26, How not to be an a**hole.
27, Publish or perish: A culture of contempt.
28, Why are the professors so stupid? A look into over-fitting in career promotion.
29, Politician are stupid because you are stupid.
30, WTH am I doing here. 
